{
  "project_info": {
    "project_number": "11584617037",
    "firebase_url": "https://menu-comida-b3b84-default-rtdb.firebaseio.com",
    "project_id": "menu-comida-b3b84",
    "storage_bucket": "menu-comida-b3b84.appspot.com"
  },
  "client": [
    {
      "client_info": {
        "mobilesdk_app_id": "1:11584617037:android:f8db1462b78adc36c2ba04",
        "android_client_info": {
          "package_name": "com.alain.cursos.misfotografias"
        }
      },
      "oauth_client": [
        {
          "client_id": "11584617037-2a3e8hfc0fdjglealfihu4039nhlj6d3.apps.googleusercontent.com",
          "client_type": 3
        }
      ],
      "api_key": [
        {
          "current_key": "AIzaSyAospq7-glh9Ol2bXYoQTLUkp7qW2fY9lM"
        }
      ],
      "services": {
        "appinvite_service": {
          "other_platform_oauth_client": [
            {
              "client_id": "11584617037-2a3e8hfc0fdjglealfihu4039nhlj6d3.apps.googleusercontent.com",
              "client_type": 3
            }
          ]
        }
      }
    },
    {
      "client_info": {
        "mobilesdk_app_id": "1:11584617037:android:35b1d00069ca1f9fc2ba04",
        "android_client_info": {
          "package_name": "com.econotechcrvy.menucomida"
        }
      },
      "oauth_client": [
        {
          "client_id": "11584617037-2a3e8hfc0fdjglealfihu4039nhlj6d3.apps.googleusercontent.com",
          "client_type": 3
        }
      ],
      "api_key": [
        {
          "current_key": "AIzaSyAospq7-glh9Ol2bXYoQTLUkp7qW2fY9lM"
        }
      ],
      "services": {
        "appinvite_service": {
          "other_platform_oauth_client": [
            {
              "client_id": "11584617037-2a3e8hfc0fdjglealfihu4039nhlj6d3.apps.googleusercontent.com",
              "client_type": 3
            }
          ]
        }
      }
    },
    {
      "client_info": {
        "mobilesdk_app_id": "1:11584617037:android:cc80031c44424249c2ba04",
        "android_client_info": {
          "package_name": "com.econotechcrvy.multilogin"
        }
      },
      "oauth_client": [
        {
          "client_id": "11584617037-2a3e8hfc0fdjglealfihu4039nhlj6d3.apps.googleusercontent.com",
          "client_type": 3
        }
      ],
      "api_key": [
        {
          "current_key": "AIzaSyAospq7-glh9Ol2bXYoQTLUkp7qW2fY9lM"
        }
      ],
      "services": {
        "appinvite_service": {
          "other_platform_oauth_client": [
            {
              "client_id": "11584617037-2a3e8hfc0fdjglealfihu4039nhlj6d3.apps.googleusercontent.com",
              "client_type": 3
            }
          ]
        }
      }
    },
    {
      "client_info": {
        "mobilesdk_app_id": "1:11584617037:android:4f9e8e485bf42dfbc2ba04",
        "android_client_info": {
          "package_name": "com.econotechcrvy.ofertas"
        }
      },
      "oauth_client": [
        {
          "client_id": "11584617037-2a3e8hfc0fdjglealfihu4039nhlj6d3.apps.googleusercontent.com",
          "client_type": 3
        }
      ],
      "api_key": [
        {
          "current_key": "AIzaSyAospq7-glh9Ol2bXYoQTLUkp7qW2fY9lM"
        }
      ],
      "services": {
        "appinvite_service": {
          "other_platform_oauth_client": [
            {
              "client_id": "11584617037-2a3e8hfc0fdjglealfihu4039nhlj6d3.apps.googleusercontent.com",
              "client_type": 3
            }
          ]
        }
      }
    }
  ],
  "configuration_version": "1"
}